{
    "f163d10b-d2f4-41e6-aa8b-487d7333e2ef": 1.075E7,
    "9661ef5d-96ef-429a-9b6c-1da789bb80e1": 1.89E8,
    "bb61933b-ad70-4284-be09-ac3b0f344ae5": 1200000.0,
    "820edef3-5f2b-4e57-8413-0a52c1dcf8ed": 6800000.0,
    "a718a85c-db2d-46b7-a4a1-a069f86341d4": 950000.0,
    "bc5ec3b9-3d3c-4708-9b8c-1b5e7e07d36b": 1100000.0,
    "2716234e-b136-425c-98a8-13769c2c1c91": 1.0999999E7,
    "16fc1153-8ae8-48c1-a236-126327efbe5d": 308000.0,
    "188bb264-eb9b-4cd1-8a0c-495d8aa672a7": 6.6999999E7,
    "32d66f6e-b716-4d07-bedf-20f3dd1260d1": 315000.0,
    "61e448f0-8be7-4cc2-bc60-4ff9bdbf1499": 6000000.0,
    "97e86653-9bff-4d9d-8ef9-259ea6c6ed41": 1.2E7,
    "43cba910-8270-4994-a07e-da4ab9ac2c68": 4000000.0,
    "e693f292-cd57-406b-823c-e4d11e75bd2b": 4.5E7,
    "497430ee-487a-474a-9da9-6f75dd90a63b": 5000000.0,
    "218c5f35-2a90-483e-a953-3278657fd808": 345000.0,
    "15fa7696-4abe-4407-8f10-b8aec7a85ba4": 700000.0,
    "1cc59d3b-a85c-4a87-b14a-09543a878f18": 1799000.0,
    "69176840-076c-4656-8050-a8b3f436ca35": 2800000.0,
    "1f07d011-d2a7-4c56-8763-46fb3ff55c24": 3500000.0,
    "dffe4761-07f8-4d94-b951-4daa6a04a05b": 2000000.0,
    "4c23496a-ef93-41bb-9f00-139a6856d600": 345000.0,
    "ca347ea0-ccfb-48d5-b48d-89007fc9d1f1": 300000.0,
    "67bd480a-e2a8-4f79-9735-4c3b8cf651db": 1.3E7,
    "758b0ca6-b18c-479c-81c0-9ce112dc12da": 298000.0,
    "d08835f6-7f5a-4a24-99c7-3fd65ed50cee": 249000.0,
    "5584fd25-d3cc-4020-bac6-285e232a41c1": 380000.0,
    "0da9565e-914c-4d9c-9fbb-c8235961ef90": 320000.0,
    "d1b2d672-a558-443e-b382-fb54f780013e": 348000.0,
    "f2992e23-c12d-4866-b4b7-e3b28da5f26d": 300000.0,
    "58849882-e8f6-45a6-97d8-10996dea8051": 1800000.0,
    "7d7f0f5b-f94d-4fb2-afe9-5740e46e6d98": 346999.0,
    "2b6dc69b-5925-4f9b-9927-3fb03fee3e18": 348000.0,
    "190b8d55-fb64-47b2-864b-6f58986a8f60": 3.28E7,
    "40988e20-e604-4f6e-b765-26132e850aef": 330000.0,
    "884902d2-85bc-4efa-a4b6-53509804da56": 294000.0,
    "a8a87ed8-06ce-4a1e-acb0-c5bf8a1f2d88": 689000.0,
    "49035746-f6ce-4182-9e0d-2d74f7f7abfd": 639000.0,
    "383e7697-b94b-4a5b-a362-05fb38ccc470": 800000.0,
    "dff8a1ac-7ac1-46da-afa6-2cd60976b630": 1220000.0,
    "bb0be8f1-6d8e-44ed-a453-1fb8deaf6c22": 50000.0,
    "0e0d6e86-f519-4801-88af-94b06ac057c2": 250000.0,
    "ac5de6c4-3529-4ac3-b4f9-bd49f56620dc": 148000.0,
    "49566f36-5f4b-4ff4-822e-3b4a71952c92": 65000.0,
    "856609e5-1c08-4d84-bea4-fcf2f685ad17": 650000.0,
    "880b05bb-1a8a-4e55-ba4c-403578ba00f3": 789999.0,
    "cb76c756-e747-461b-b3bd-3409503c8722": 900000.0,
    "89ac74b4-61f4-4560-8e6c-b57b7f872ddb": 1500000.0,
    "5804c09c-cb7a-4adc-8cc3-bf29a04f63f5": 979999.0,
    "dfd3f76a-d683-4132-8d60-36fd7a46ce56": 1658000.0,
    "abd2dfa6-ae4d-4819-8df7-bfeec1ff4bb5": 1300000.0,
    "1ea8f028-1008-42d4-ab26-00b7d1d18052": 1199999.0,
    "731059c8-2221-4bab-8e4c-d95e67d7def6": 2799000.0,
    "fbfce539-0294-4064-90eb-61933964cbbb": 2000000.0,
    "005dcb74-7151-4722-bd0f-98d64f75f5a3": 2100000.0,
    "c407cd02-8798-45a2-a045-fd211c55056d": 2199000.0,
    "10be459b-3723-447b-82f4-b3dd5343c70f": 2500000.0,
    "0495aa1e-487e-4d93-b45a-a72a4432d071": 899999.0,
    "85052024-1fbc-44c0-8c76-39472c370db2": 1300000.0,
    "9fdfe63e-28af-4c38-a2a7-d4a5a2e07d90": 1400000.0,
    "ace84942-3fe6-44b1-a258-32d546301013": 1800000.0,
    "3b633ba0-43e7-4d2c-acbf-7ed7c4b0dc09": 600000.0,
    "6ed4f9cb-5f91-4204-b797-0ff35417fdd0": 700000.0,
    "6e8306d3-850b-4881-b095-1b37fc76f1ab": 1100000.0,
    "d03c600e-8707-4229-8d01-76e2a2190c55": 4000000.0,
    "471b2287-6031-436f-be50-ac72e5049d91": 430000.0,
    "642e1d90-79df-4e6d-be3a-87b135277c37": 488000.0,
    "1e757e56-9f1c-492e-91e7-b6e853b9fb81": 500000.0,
    "6d37653e-d59e-445f-8bb0-6339cd5f23de": 780000.0,
    "dbd33a5b-dfa2-4228-bddc-c57cb21566cb": 4343000.0,
    "a5ce2986-295a-4e48-b9fb-39b88634dcd9": 7980000.0,
    "0760c326-04e1-4787-ba3e-876f21413028": 8000000.0,
    "b2ee28a2-39e5-4197-99d1-a8c9689ada73": 4900000.0,
    "c046d3a8-cfa3-4bd7-9e0b-1ba203915cf4": 1400000.0,
    "b99f24da-c21a-4f74-b7d4-c66c000ede32": 1500000.0,
    "6028bdad-888c-4fa8-aea1-5998c7762a70": 2400000.0,
    "07a41f39-f2f1-466c-9be7-a9042f99f6fa": 3100000.0,
    "4e0bd403-e8c5-44ee-858e-ce759cf984f3": 4100000.0,
    "44c70483-f71a-410b-b546-34b6db7056a5": 700000.0,
    "c14e5c65-b137-42c9-baa3-f4774abee310": 2169420.0,
    "b8eb1afb-0614-46de-937d-eedf4b448acd": 3.3E7,
    "da1d3ca8-bf75-4841-b75d-1bbb0d061010": 3.74E7,
    "9af620f4-1b3a-4f6f-83df-e2177ddf0910": 1.27E7,
    "a8e12628-5bff-4608-8059-ef820464a3d0": 1300000.0,
    "73c22e21-cd5e-4db6-9f4b-8af1b413522d": 320000.0,
    "45eb060d-8e1b-438d-b8e0-d34c92ca6040": 389000.0,
    "05db8ad7-5e47-4c1e-aed6-c9f7b32e2005": 3.76E7,
    "b02bf50d-35ea-40cf-9089-9d0d35165a32": 337000.0,
    "9ca1cc1f-8df4-4a88-b502-fc3d286a018a": 300000.0,
    "591f0a09-6521-456b-a2d7-b0a3b21add38": 348998.0,
    "07c4a6ac-71dc-47a4-bce6-059c33fe3198": 329000.0,
    "008a9524-f6ec-49cd-86bf-a503291cc4d4": 2300000.0,
    "df71f305-2918-4179-902c-59e3d2a0bb7e": 350000.0,
    "083ad328-b50c-4a00-b3dc-f0756a2b38e1": 300000.0,
    "110249e0-4828-438b-b95f-971be99e302e": 368000.0,
    "53647ce6-2a93-4288-8c25-fbeb3e21b6da": 2400000.0,
    "4efa30e1-8aeb-4462-80af-176b06c4ef90": 330000.0,
    "c1c65f26-1c02-49a3-9c5b-0e1a4dc501c9": 399000.0,
    "cd1f0f5c-037b-44d5-853f-3a05637bc484": 380000.0,
    "329ee1a1-39d2-4bdc-8615-a848f7b63ba8": 364999.0,
    "4e3a61bb-ee97-4f00-ad63-4fc71f3b0317": 2.32E7,
    "cd1c7289-b155-4e0b-a8f3-8a6fff675c34": 2400000.0,
    "89a3829c-35f0-4672-bd86-e05ba0076c27": 389000.0,
    "5f5f7a2e-c1b9-4131-95ad-6f27ffdf9ba4": 340000.0,
    "5ca58c31-af12-4673-8b6e-5cc7934dbccc": 350000.0,
    "6885530d-4b2d-456c-891f-1281f0a6e5ba": 300000.0,
    "e808f7e6-8b2f-4bc5-8c46-a55ebc8f3682": 399000.0,
    "84e4a26c-031d-466f-b4c1-1cd878f6904c": 324000.0,
    "aec9d0e5-a984-43ed-8381-03da9f14641e": 324999.0
}