{
  "Temple": [
    {
      "x": 19.0,
      "y": 77.0,
      "z": 26.0,
      "color": "#00FF00FF",
      "filled": true,
      "depth": true,
      "aabb": {
        "field_72340_a": -0.002,
        "field_72338_b": -0.002,
        "field_72339_c": -0.002,
        "field_72336_d": 1.002,
        "field_72337_e": 1.002,
        "field_72334_f": 1.002
      },
      "title": "",
      "secret": false,
      "clicked": false
    }
  ],
  "Purple Flags": [
    {
      "x": 32.0,
      "y": 67.0,
      "z": 7.0,
      "color": "#00FF00FF",
      "filled": true,
      "depth": false,
      "aabb": {
        "field_72340_a": 0.0605,
        "field_72338_b": -0.002,
        "field_72339_c": 0.0605,
        "field_72336_d": 0.9395,
        "field_72337_e": 0.877,
        "field_72334_f": 0.9395
      },
      "title": "",
      "secret": false,
      "clicked": false
    }
  ],
  "Pipes": [
    {
      "x": 53.0,
      "y": 93.0,
      "z": 15.0,
      "color": "#00AAAAFF",
      "filled": true,
      "depth": false,
      "aabb": {
        "field_72340_a": -0.002,
        "field_72338_b": -0.002,
        "field_72339_c": -0.002,
        "field_72336_d": 1.002,
        "field_72337_e": 0.502,
        "field_72334_f": 1.002
      },
      "title": "",
      "secret": false,
      "clicked": false
    }
  ],
  "Blood": [
    {
      "x": 243.0,
      "y": 168.0,
      "z": -190.0,
      "color": "#00FF00FF",
      "filled": true,
      "depth": true,
      "aabb": {
        "field_72340_a": -0.002,
        "field_72338_b": -0.002,
        "field_72339_c": -0.002,
        "field_72336_d": 1.002,
        "field_72337_e": 1.002,
        "field_72334_f": 1.002
      },
      "title": "",
      "secret": false,
      "clicked": false
    },
    {
      "x": 83.0,
      "y": 168.0,
      "z": -126.0,
      "color": "#00FF00FF",
      "filled": true,
      "depth": true,
      "aabb": {
        "field_72340_a": -0.002,
        "field_72338_b": -0.002,
        "field_72339_c": -0.002,
        "field_72336_d": 1.002,
        "field_72337_e": 1.002,
        "field_72334_f": 1.002
      },
      "title": "",
      "secret": false,
      "clicked": false
    }
  ],
  "Leaves": [
    {
      "x": 14.0,
      "y": 81.0,
      "z": 27.0,
      "color": "#00FF00FF",
      "filled": false,
      "depth": false,
      "aabb": {
        "field_72340_a": 0.0604999999050051,
        "field_72338_b": -0.0020000000949949026,
        "field_72339_c": 0.0604999999050051,
        "field_72336_d": 0.9395000000949949,
        "field_72337_e": 0.8770000000949949,
        "field_72334_f": 0.9395000000949949
      },
      "title": "",
      "secret": true,
      "clicked": false
    }
  ],
  "Sarcophagus": [
    {
      "x": 15.0,
      "y": 69.0,
      "z": 4.0,
      "color": "#00FF00FF",
      "filled": true,
      "depth": false,
      "aabb": {
        "field_72340_a": 0.0605,
        "field_72338_b": -0.002,
        "field_72339_c": 0.0605,
        "field_72336_d": 0.9395,
        "field_72337_e": 0.877,
        "field_72334_f": 0.9395
      },
      "title": "",
      "secret": false,
      "clicked": false
    }
  ],
  "Mage": [
    {
      "x": 42.0,
      "y": 62.0,
      "z": 15.0,
      "color": "#00FF00FF",
      "filled": true,
      "depth": false,
      "aabb": {
        "field_72340_a": 0.0605,
        "field_72338_b": -0.002,
        "field_72339_c": 0.0605,
        "field_72336_d": 0.9395,
        "field_72337_e": 0.877,
        "field_72334_f": 0.9395
      },
      "title": "",
      "secret": false,
      "clicked": false
    }
  ],
  "Melon": [
    {
      "x": 42.0,
      "y": 84.0,
      "z": 57.0,
      "color": "#00AAAAFF",
      "filled": true,
      "depth": false,
      "aabb": {
        "field_72340_a": -0.002,
        "field_72338_b": -0.002,
        "field_72339_c": -0.002,
        "field_72336_d": 1.002,
        "field_72337_e": 1.002,
        "field_72334_f": 1.002
      },
      "title": "",
      "secret": false,
      "clicked": false
    }
  ],
  "Redstone Crypt": [
    {
      "x": 9.0,
      "y": 69.0,
      "z": 3.0,
      "color": "#00FF00FF",
      "filled": true,
      "depth": false,
      "aabb": {
        "field_72340_a": 0.0605,
        "field_72338_b": -0.002,
        "field_72339_c": 0.0605,
        "field_72336_d": 0.9395,
        "field_72337_e": 0.877,
        "field_72334_f": 0.9395
      },
      "title": "",
      "secret": false,
      "clicked": false
    }
  ],
  "Spikes": [],
  "Waterfall": [
    {
      "x": 17.0,
      "y": 68.0,
      "z": 6.0,
      "color": "#00AAAAFF",
      "filled": true,
      "depth": false,
      "aabb": {
        "field_72340_a": -0.002,
        "field_72338_b": -0.002,
        "field_72339_c": -0.002,
        "field_72336_d": 1.002,
        "field_72337_e": 1.002,
        "field_72334_f": 1.002
      },
      "title": "",
      "secret": false,
      "clicked": false
    },
    {
      "x": 16.0,
      "y": 68.0,
      "z": 6.0,
      "color": "#00AAAAFF",
      "filled": true,
      "depth": false,
      "aabb": {
        "field_72340_a": -0.002,
        "field_72338_b": -0.002,
        "field_72339_c": -0.002,
        "field_72336_d": 1.002,
        "field_72337_e": 1.002,
        "field_72334_f": 1.002
      },
      "title": "",
      "secret": false,
      "clicked": false
    },
    {
      "x": 15.0,
      "y": 68.0,
      "z": 6.0,
      "color": "#00AAAAFF",
      "filled": true,
      "depth": false,
      "aabb": {
        "field_72340_a": -0.002,
        "field_72338_b": -0.002,
        "field_72339_c": -0.002,
        "field_72336_d": 1.002,
        "field_72337_e": 1.002,
        "field_72334_f": 1.002
      },
      "title": "",
      "secret": false,
      "clicked": false
    },
    {
      "x": 28.0,
      "y": 80.0,
      "z": 7.0,
      "color": "#00AAAAFF",
      "filled": true,
      "depth": false,
      "aabb": {
        "field_72340_a": -0.002,
        "field_72338_b": -0.002,
        "field_72339_c": -0.002,
        "field_72336_d": 1.002,
        "field_72337_e": 1.002,
        "field_72334_f": 1.002
      },
      "title": "",
      "secret": false,
      "clicked": false
    },
    {
      "x": 29.0,
      "y": 80.0,
      "z": 7.0,
      "color": "#00AAAAFF",
      "filled": true,
      "depth": false,
      "aabb": {
        "field_72340_a": -0.002,
        "field_72338_b": -0.002,
        "field_72339_c": -0.002,
        "field_72336_d": 1.002,
        "field_72337_e": 1.002,
        "field_72334_f": 1.002
      },
      "title": "",
      "secret": false,
      "clicked": false
    }
  ],
  "Small Waterfall": [
    {
      "x": 1.0,
      "y": 76.0,
      "z": 17.0,
      "color": "#00AAAAFF",
      "filled": false,
      "depth": false,
      "aabb": {
        "field_72340_a": -0.0020000000949949026,
        "field_72338_b": -0.0020000000949949026,
        "field_72339_c": -0.0020000000949949026,
        "field_72336_d": 1.002000000094995,
        "field_72337_e": 1.002000000094995,
        "field_72334_f": 1.002000000094995
      },
      "title": "",
      "secret": false,
      "clicked": false
    },
    {
      "x": 1.0,
      "y": 78.0,
      "z": 16.0,
      "color": "#00AAAAFF",
      "filled": false,
      "depth": false,
      "aabb": {
        "field_72340_a": -0.0020000000949949026,
        "field_72338_b": -0.0020000000949949026,
        "field_72339_c": -0.0020000000949949026,
        "field_72336_d": 1.002000000094995,
        "field_72337_e": 1.002000000094995,
        "field_72334_f": 1.002000000094995
      },
      "title": "",
      "secret": false,
      "clicked": false
    }
  ],
  "Mossy": [
    {
      "x": 2.0,
      "y": 69.0,
      "z": 4.0,
      "color": "#00FF00FF",
      "filled": false,
      "depth": false,
      "aabb": {
        "field_72340_a": 0.0604999999050051,
        "field_72338_b": -0.0020000000949949026,
        "field_72339_c": 0.0604999999050051,
        "field_72336_d": 0.9395000000949949,